{"cameraMode":{"drawMode":0,"name":"Shaded","section":"Shading Mode"},"sceneLighting":false,"audioPlay":false,"sceneViewState":{"showFog":true,"showMaterialUpdate":false,"showSkybox":false,"showFlares":true,"showImageEffects":true,"showParticleSystems":true},"in2DMode":false,"pivot":{"x":-14.779596328735352,"y":18.143325805664064,"z":9.456352233886719},"rotation":{"x":0.09592745453119278,"y":0.2397233247756958,"z":0.02381059341132641,"w":-0.965796947479248},"size":21.261226654052736,"orthographic":true}