{"cameraMode":{"drawMode":0,"name":"Shaded","section":"Shading Mode"},"sceneLighting":false,"audioPlay":false,"sceneViewState":{"showFog":true,"showMaterialUpdate":false,"showSkybox":false,"showFlares":true,"showImageEffects":true,"showParticleSystems":true},"in2DMode":false,"pivot":{"x":6.3223958015441898,"y":15.2647123336792,"z":2.560346841812134},"rotation":{"x":0.04305901378393173,"y":-0.492269366979599,"z":0.024380803108215333,"w":0.8690353631973267},"size":2.8578836917877199,"orthographic":false}