{"cameraMode":{"drawMode":0,"name":"Shaded","section":"Shading Mode"},"sceneLighting":false,"audioPlay":false,"sceneViewState":{"showFog":true,"showMaterialUpdate":false,"showSkybox":false,"showFlares":true,"showImageEffects":true,"showParticleSystems":true},"in2DMode":false,"pivot":{"x":-0.3450000286102295,"y":0.09799998998641968,"z":0.0},"rotation":{"x":0.08243594318628311,"y":-0.5412811040878296,"z":0.05343558266758919,"w":0.8350831270217896},"size":3.8266489505767824,"orthographic":true}