{"cameraMode":{"drawMode":0,"name":"Shaded","section":"Shading Mode"},"sceneLighting":false,"audioPlay":false,"sceneViewState":{"showFog":true,"showMaterialUpdate":false,"showSkybox":true,"showFlares":true,"showImageEffects":true,"showParticleSystems":true},"in2DMode":false,"pivot":{"x":1.58705472946167,"y":2.6431827545166017,"z":-11.413667678833008},"rotation":{"x":0.07703740149736405,"y":0.7700042128562927,"z":-0.09472256898880005,"w":0.6262478828430176},"size":4.457365036010742,"orthographic":false}