{"cameraMode":{"drawMode":0,"name":"Shaded","section":"Shading Mode"},"sceneLighting":false,"audioPlay":false,"sceneViewState":{"showFog":true,"showMaterialUpdate":false,"showSkybox":true,"showFlares":true,"showImageEffects":true,"showParticleSystems":true},"in2DMode":false,"pivot":{"x":-22.891225814819337,"y":4.632859230041504,"z":30.54698944091797},"rotation":{"x":0.002935319673269987,"y":0.9938341975212097,"z":-0.027149852365255357,"w":0.1074613630771637},"size":32.89365768432617,"orthographic":false}