{"cameraMode":{"drawMode":0,"name":"Shaded","section":"Shading Mode"},"sceneLighting":true,"audioPlay":false,"sceneViewState":{"showFog":true,"showMaterialUpdate":false,"showSkybox":true,"showFlares":true,"showImageEffects":true,"showParticleSystems":true},"in2DMode":false,"pivot":{"x":-22.627309799194337,"y":6.378732681274414,"z":8.831840515136719},"rotation":{"x":-0.11964541673660279,"y":-0.8387454748153687,"z":0.20472455024719239,"w":-0.4901826083660126},"size":37.00810241699219,"orthographic":false}