{"cameraMode":{"drawMode":0,"name":"Shaded","section":"Shading Mode"},"sceneLighting":false,"audioPlay":false,"sceneViewState":{"showFog":true,"showMaterialUpdate":false,"showSkybox":false,"showFlares":true,"showImageEffects":true,"showParticleSystems":true},"in2DMode":false,"pivot":{"x":365.1031799316406,"y":158.78001403808595,"z":-32.3125},"rotation":{"x":-0.08562739938497544,"y":0.04242689535021782,"z":-0.003649833844974637,"w":-0.9954168200492859},"size":470.954833984375,"orthographic":false}