{"cameraMode":{"drawMode":0,"name":"Shaded","section":"Shading Mode"},"sceneLighting":true,"audioPlay":false,"sceneViewState":{"showFog":true,"showMaterialUpdate":false,"showSkybox":true,"showFlares":true,"showImageEffects":true,"showParticleSystems":true},"in2DMode":false,"pivot":{"x":16.477231979370118,"y":13.766121864318848,"z":-14.823802947998047},"rotation":{"x":-0.12650315463542939,"y":-0.3938068449497223,"z":0.05481746792793274,"w":-0.9087949395179749},"size":22.0,"orthographic":false}