{"cameraMode":{"drawMode":0,"name":"Shaded","section":"Shading Mode"},"sceneLighting":true,"audioPlay":false,"sceneViewState":{"showFog":true,"showMaterialUpdate":false,"showSkybox":true,"showFlares":true,"showImageEffects":true,"showParticleSystems":true},"in2DMode":false,"pivot":{"x":-22.454561233520509,"y":10.585962295532227,"z":16.016666412353517},"rotation":{"x":-0.10014445334672928,"y":-0.8346966505050659,"z":0.16174359619617463,"w":-0.5168089866638184},"size":26.235408782958986,"orthographic":false}