{"cameraMode":{"drawMode":0,"name":"Shaded","section":"Shading Mode"},"sceneLighting":true,"audioPlay":false,"sceneViewState":{"showFog":true,"showMaterialUpdate":false,"showSkybox":true,"showFlares":true,"showImageEffects":true,"showParticleSystems":true},"in2DMode":false,"pivot":{"x":-10.422602653503418,"y":17.873172760009767,"z":-16.229778289794923},"rotation":{"x":0.16844132542610169,"y":0.3722061216831207,"z":-0.06888609379529953,"w":0.9101345539093018},"size":11.143900871276856,"orthographic":false}