{"cameraMode":{"drawMode":0,"name":"Shaded","section":"Shading Mode"},"sceneLighting":false,"audioPlay":false,"sceneViewState":{"showFog":true,"showMaterialUpdate":false,"showSkybox":false,"showFlares":true,"showImageEffects":true,"showParticleSystems":true},"in2DMode":false,"pivot":{"x":13.872316360473633,"y":4.239901542663574,"z":-0.8941488265991211},"rotation":{"x":-0.04715413600206375,"y":-0.8632318377494812,"z":0.08209024369716644,"w":-0.49585142731666567},"size":10.776034355163575,"orthographic":false}