{"cameraMode":{"drawMode":0,"name":"Shaded","section":"Shading Mode"},"sceneLighting":true,"audioPlay":false,"sceneViewState":{"showFog":true,"showMaterialUpdate":false,"showSkybox":true,"showFlares":true,"showImageEffects":true,"showParticleSystems":true},"in2DMode":false,"pivot":{"x":-9.133365631103516,"y":14.295294761657715,"z":3.985675096511841},"rotation":{"x":-0.12294470518827439,"y":-0.6511677503585815,"z":0.10802914202213288,"w":-0.7410768866539002},"size":26.235408782958986,"orthographic":false}