{"cameraMode":{"drawMode":0,"name":"Shaded","section":"Shading Mode"},"sceneLighting":false,"audioPlay":false,"sceneViewState":{"showFog":true,"showMaterialUpdate":false,"showSkybox":false,"showFlares":true,"showImageEffects":true,"showParticleSystems":true},"in2DMode":false,"pivot":{"x":18.936622619628908,"y":0.985131561756134,"z":-17.62060546875},"rotation":{"x":-0.01591050624847412,"y":-0.9825829863548279,"z":0.1005731001496315,"w":-0.15544366836547852},"size":18.740942001342775,"orthographic":false}